{
  "auroc": 0.6109022556390977,
  "aupr": 0.2632667452474731,
  "fpr_at_95_tpr": 0.7982456140350878,
  "detection_error": 0.36685463659147866,
  "accuracy": 0.5175438596491229,
  "f1": 0.42990172835374074,
  "precision": 0.3759968102073365,
  "recall": 0.5175438596491229,
  "inference_performance": {
    "1": {
      "mean": 0.5830196619033814,
      "std": 0.037912666595294624,
      "median": 0.5780673027038574,
      "p95": 0.6468373298645019,
      "throughput": 1.7152080201468762
    },
    "4": {
      "mean": 1.1503483295440673,
      "std": 0.04287870075431241,
      "median": 1.1457637548446655,
      "p95": 1.2317700147628785,
      "throughput": 3.4772076398679803
    },
    "8": {
      "mean": 2.728489866256714,
      "std": 0.17961506230025276,
      "median": 2.7045446634292603,
      "p95": 3.0523144006729126,
      "throughput": 2.9320248167076417
    },
    "16": {
      "mean": 5.400506286621094,
      "std": 0.05737283111249048,
      "median": 5.403199553489685,
      "p95": 5.476700556278229,
      "throughput": 2.962685191134299
    },
    "32": {
      "mean": 10.552234711647033,
      "std": 0.09468020676085033,
      "median": 10.561939239501953,
      "p95": 10.708769345283509,
      "throughput": 3.0325330012494875
    }
  },
  "training_time": 1276.3299078941345
}