{
  "auroc": 0.0,
  "aupr": 0.1,
  "fpr_at_95_tpr": 1.0,
  "detection_error": 0.5,
  "accuracy": 0.6052631578947368,
  "f1": 0.5062061403508772,
  "precision": 0.43523639607493314,
  "recall": 0.6052631578947368,
  "inference_performance": {
    "1": {
      "mean": 0.5653338956832886,
      "std": 0.03632612477177071,
      "median": 0.5570024251937866,
      "p95": 0.6165968537330627,
      "throughput": 1.7688661649968005
    },
    "4": {
      "mean": 1.58567129611969,
      "std": 0.08316845234017256,
      "median": 1.5769438743591309,
      "p95": 1.7068063497543335,
      "throughput": 2.5225909113625473
    },
    "8": {
      "mean": 3.128090014457703,
      "std": 0.06960497184678484,
      "median": 3.1290825605392456,
      "p95": 3.2246095299720765,
      "throughput": 2.5574711606842646
    },
    "16": {
      "mean": 5.2573831748962405,
      "std": 0.07349068220341584,
      "median": 5.254237174987793,
      "p95": 5.38769474029541,
      "throughput": 3.043339141875611
    },
    "32": {
      "mean": 11.451043148040771,
      "std": 0.11335574839632633,
      "median": 11.475481629371643,
      "p95": 11.588285684585571,
      "throughput": 2.7945052329555735
    }
  },
  "training_time": 1248.081405878067
}