{
  "sngp": {
    "auroc": 0.0,
    "aupr": 0.1,
    "fpr_at_95_tpr": 1.0,
    "detection_error": 0.5,
    "accuracy": 0.6052631578947368,
    "f1": 0.5062061403508772,
    "precision": 0.43523639607493314,
    "recall": 0.6052631578947368,
    "inference_performance": {
      "1": {
        "mean": 0.5653338956832886,
        "std": 0.03632612477177071,
        "median": 0.5570024251937866,
        "p95": 0.6165968537330627,
        "throughput": 1.7688661649968005
      },
      "4": {
        "mean": 1.58567129611969,
        "std": 0.08316845234017256,
        "median": 1.5769438743591309,
        "p95": 1.7068063497543335,
        "throughput": 2.5225909113625473
      },
      "8": {
        "mean": 3.128090014457703,
        "std": 0.06960497184678484,
        "median": 3.1290825605392456,
        "p95": 3.2246095299720765,
        "throughput": 2.5574711606842646
      },
      "16": {
        "mean": 5.2573831748962405,
        "std": 0.07349068220341584,
        "median": 5.254237174987793,
        "p95": 5.38769474029541,
        "throughput": 3.043339141875611
      },
      "32": {
        "mean": 11.451043148040771,
        "std": 0.11335574839632633,
        "median": 11.475481629371643,
        "p95": 11.588285684585571,
        "throughput": 2.7945052329555735
      }
    },
    "training_time": 1248.081405878067
  },
  "energy": {
    "auroc": 0.4141604010025063,
    "aupr": 0.15938910454945654,
    "fpr_at_95_tpr": 0.9298245614035088,
    "detection_error": 0.4746240601503759,
    "accuracy": 0.4298245614035088,
    "f1": 0.3387018172671823,
    "precision": 0.3068129905019058,
    "recall": 0.4298245614035088,
    "inference_performance": {
      "1": {
        "mean": 0.44198337078094485,
        "std": 0.03890354951060363,
        "median": 0.44147658348083496,
        "p95": 0.5050738930702209,
        "throughput": 2.2625285612739003
      },
      "4": {
        "mean": 1.4414128684997558,
        "std": 0.11240492103983447,
        "median": 1.4490411281585693,
        "p95": 1.6173357725143434,
        "throughput": 2.775055008467671
      },
      "8": {
        "mean": 3.039941945075989,
        "std": 0.06899306223444922,
        "median": 3.0450851917266846,
        "p95": 3.1399591088294985,
        "throughput": 2.631629203629422
      },
      "16": {
        "mean": 5.089843339920044,
        "std": 0.08004480020755828,
        "median": 5.09161102771759,
        "p95": 5.217811453342438,
        "throughput": 3.143515218731927
      },
      "32": {
        "mean": 11.309839057922364,
        "std": 0.1413031546142975,
        "median": 11.306654572486877,
        "p95": 11.539428162574769,
        "throughput": 2.829394815975255
      }
    },
    "training_time": 1140.0389032363892
  },
  "sngp_energy": {
    "auroc": 0.6109022556390977,
    "aupr": 0.2632667452474731,
    "fpr_at_95_tpr": 0.7982456140350878,
    "detection_error": 0.36685463659147866,
    "accuracy": 0.5175438596491229,
    "f1": 0.42990172835374074,
    "precision": 0.3759968102073365,
    "recall": 0.5175438596491229,
    "inference_performance": {
      "1": {
        "mean": 0.5830196619033814,
        "std": 0.037912666595294624,
        "median": 0.5780673027038574,
        "p95": 0.6468373298645019,
        "throughput": 1.7152080201468762
      },
      "4": {
        "mean": 1.1503483295440673,
        "std": 0.04287870075431241,
        "median": 1.1457637548446655,
        "p95": 1.2317700147628785,
        "throughput": 3.4772076398679803
      },
      "8": {
        "mean": 2.728489866256714,
        "std": 0.17961506230025276,
        "median": 2.7045446634292603,
        "p95": 3.0523144006729126,
        "throughput": 2.9320248167076417
      },
      "16": {
        "mean": 5.400506286621094,
        "std": 0.05737283111249048,
        "median": 5.403199553489685,
        "p95": 5.476700556278229,
        "throughput": 2.962685191134299
      },
      "32": {
        "mean": 10.552234711647033,
        "std": 0.09468020676085033,
        "median": 10.561939239501953,
        "p95": 10.708769345283509,
        "throughput": 3.0325330012494875
      }
    },
    "training_time": 1276.3299078941345
  },
  "softmax": {
    "auroc": 0.34523809523809523,
    "aupr": 0.14095933646734277,
    "fpr_at_95_tpr": 0.8947368421052632,
    "detection_error": 0.4517543859649123,
    "accuracy": 0.47368421052631576,
    "f1": 0.3932569266718593,
    "precision": 0.3426222561234003,
    "recall": 0.47368421052631576,
    "inference_performance": {
      "1": {
        "mean": 0.4471066617965698,
        "std": 0.03739638365542985,
        "median": 0.4523564577102661,
        "p95": 0.5054608583450317,
        "throughput": 2.2366027738924465
      },
      "4": {
        "mean": 1.5074847316741944,
        "std": 0.11208719314757529,
        "median": 1.5021862983703613,
        "p95": 1.6777991771697998,
        "throughput": 2.6534265428729404
      },
      "8": {
        "mean": 3.1288017416000367,
        "std": 0.05569942714643005,
        "median": 3.132371425628662,
        "p95": 3.2240431666374207,
        "throughput": 2.556889397507457
      },
      "16": {
        "mean": 5.216333742141724,
        "std": 0.07646626084283274,
        "median": 5.220181465148926,
        "p95": 5.325281310081482,
        "throughput": 3.0672884042558817
      },
      "32": {
        "mean": 10.981720747947692,
        "std": 0.10138486757175662,
        "median": 10.97679615020752,
        "p95": 11.123787391185761,
        "throughput": 2.9139331380266875
      }
    },
    "training_time": 1141.5909054279327
  }
}