{
  "auroc": 0.34523809523809523,
  "aupr": 0.14095933646734277,
  "fpr_at_95_tpr": 0.8947368421052632,
  "detection_error": 0.4517543859649123,
  "accuracy": 0.47368421052631576,
  "f1": 0.3932569266718593,
  "precision": 0.3426222561234003,
  "recall": 0.47368421052631576,
  "inference_performance": {
    "1": {
      "mean": 0.4471066617965698,
      "std": 0.03739638365542985,
      "median": 0.4523564577102661,
      "p95": 0.5054608583450317,
      "throughput": 2.2366027738924465
    },
    "4": {
      "mean": 1.5074847316741944,
      "std": 0.11208719314757529,
      "median": 1.5021862983703613,
      "p95": 1.6777991771697998,
      "throughput": 2.6534265428729404
    },
    "8": {
      "mean": 3.1288017416000367,
      "std": 0.05569942714643005,
      "median": 3.132371425628662,
      "p95": 3.2240431666374207,
      "throughput": 2.556889397507457
    },
    "16": {
      "mean": 5.216333742141724,
      "std": 0.07646626084283274,
      "median": 5.220181465148926,
      "p95": 5.325281310081482,
      "throughput": 3.0672884042558817
    },
    "32": {
      "mean": 10.981720747947692,
      "std": 0.10138486757175662,
      "median": 10.97679615020752,
      "p95": 11.123787391185761,
      "throughput": 2.9139331380266875
    }
  },
  "training_time": 1141.5909054279327
}