{
  "auroc": 0.4141604010025063,
  "aupr": 0.15938910454945654,
  "fpr_at_95_tpr": 0.9298245614035088,
  "detection_error": 0.4746240601503759,
  "accuracy": 0.4298245614035088,
  "f1": 0.3387018172671823,
  "precision": 0.3068129905019058,
  "recall": 0.4298245614035088,
  "inference_performance": {
    "1": {
      "mean": 0.44198337078094485,
      "std": 0.03890354951060363,
      "median": 0.44147658348083496,
      "p95": 0.5050738930702209,
      "throughput": 2.2625285612739003
    },
    "4": {
      "mean": 1.4414128684997558,
      "std": 0.11240492103983447,
      "median": 1.4490411281585693,
      "p95": 1.6173357725143434,
      "throughput": 2.775055008467671
    },
    "8": {
      "mean": 3.039941945075989,
      "std": 0.06899306223444922,
      "median": 3.0450851917266846,
      "p95": 3.1399591088294985,
      "throughput": 2.631629203629422
    },
    "16": {
      "mean": 5.089843339920044,
      "std": 0.08004480020755828,
      "median": 5.09161102771759,
      "p95": 5.217811453342438,
      "throughput": 3.143515218731927
    },
    "32": {
      "mean": 11.309839057922364,
      "std": 0.1413031546142975,
      "median": 11.306654572486877,
      "p95": 11.539428162574769,
      "throughput": 2.829394815975255
    }
  },
  "training_time": 1140.0389032363892
}